A	Aitken, R.G.	1	3110ABH	Abt, H.A.	1	180ABR	Abrami, A.	999999	-1ABT	Abetti, G.	1	9002AC	Clark, Alvan	1	20ACG	Astr. Cat. Greenw.	1	1ACS	Acocks, H.F.	999999	-1ADA	Adams, J.C.	999999	-1ADO	Adolph, C.	999999	-1ADP	Abad, C. & Della Prugna, F.	999999	-1AFR	Africano, J.L. et al.	999999	-1AG	Astronomische Gesellschaft	1	432AGC	Clark, A.G.	1	16AGE	Ageorges, N. et al.	1	10AGU	Aguilar, F. (Abetti)	999999	-1AHN	Ahnert, P. von	999999	-1AIK	Aikman, G.C.L.	999999	-1AL	Alter, G.	999999	-1ALB	Albany Obs.	1	1ALC	Allen,C., Poveda,A., & Herrera,M.	1	4ALD	Alden, H.L.	1	124ALE	Alden, G.I.	999999	-1ALG	Algiers Obs.	1	1ALI	Ali, A.	1	1192ALL	Aller, R.M.	1	4ALN	Allen, C.W.	999999	-1ALO	Allen, L.E. et al.	1	11ALT	van Altena, W.	1	19ALV	Alvi, H.	999999	-1ALZ	Alzner, A.	999999	-1AMB	Ambronn, L.	999999	-1AMC	Ambruster, C.	999999	-1AMI	Amici, G.B.	999999	-1ANA	Andrade, M.	999999	-1AND	Andoyer, H.	999999	-1ANJ	Anderson, J.A.	1	1ANR	Andersen, R.	1	1ANT	Anton, R.	999999	-1AOT	Astronomical Obs. Torino	1	128APP	Apple	999999	-1ARA	Aravamudan, S.	1	2323ARC	Archer, S.	999999	-1ARD	Arend, S.	999999	-1ARE	Arenou, F. et al.	999999	-1ARG	Argelander, F.	1	108ARI	Aristidi, E. et al.	1	1ARM	Armellini, G.	999999	-1ARN	Arnold, D.	1	72ARS	Armstrong, T.K.	999999	-1ARU	Argue, A.N. et al.	1	24ARY	Argyle, R.W.	1	48ASH	Ashcraft, C.	999999	-1ASP	Aspin, C. et al.	999999	-1AST	Franz, O.G. et al.	1	2ATK	Atkinson, E.C.	999999	-1ATW	Atwood, B. & Curott, D.R.	999999	-1AUG	Augensen, H.J. & Heintz, W.D.	999999	-1AUS	Austin, E.P.	999999	-1AUW	Auwers, A.	999999	-1B	van den Bos, W.H.	1	2910BAA	Baade, W.	999999	-1BAB	Barbier, D.	999999	-1BAC	Bacchus, P.	999999	-1BAG	Balega, Y.Y. & Tikhonov, N.A.	1	17BAH	Bakhtin, V.D. et al.	999999	-1BAI	Baier, G. et al.	999999	-1BAJ	Bajo, F.S.	999999	-1BAK	Baker, A.H.	999999	-1BAL	Baillaud, R.	3	9001BAM	Baillaud, B.	999999	-1BAN	Buch-Andersen, E.	999999	-1BAR	Barnard, E.E.	1	66BAS	Barstow, M.A. et al.	1	8BAT	Batterman, H.	1	1BAX	Baxendell, J.	999999	-1BAZ	Baize, P.	1	13BCH	Brosche, P.	999999	-1BCK	Beck, T.L. et al.	1	7BCL	Barclay, J.G.	999999	-1BCR	Bachiller, R. et al.	999999	-1BDG	Bond, G.P.	1	2BDN	Bodin, S.	999999	-1BDW	Bond, W.C.	999999	-1BDY	Bradley, J. & Maskelyne, N.	999999	-1BEA	Beal, W.O.	999999	-1BEB	Berberich, A.	999999	-1BED	Bedding, T.R.	1	1BEH	Behall, A.L.	999999	-1BEI	Beichman, C.A. et al.	1	3BEL	Bellamy, F.A.	999999	-1BEM	Bemporad, A.	1	39BEN	Benes, E.	999999	-1BER	Berman, L.	1	1BES	Bessel, F.W.	999999	-1BET	Bertin, B.	999999	-1BEY	Beardsley, W.R.	999999	-1BEZ	von Bezold, W.	999999	-1BFC	Bertiau, F.C.	999999	-1BGA	Burnichon, M. & Garnier, R.	999999	-1BGH	Bergh, S. van den	1	72BGN	Bagnuolo, W.G. & McAlister, H.A.	999999	-1BHA	Bhaskaran, T.P.	1	59BHE	Bachmann, P.J. & Hershey, J.L.	999999	-1BID	Bidelman, W.P.	1	2BIE	Bieger, G.S.	999999	-1BIG	Bigourdan, G.	1	1BIR	Birkenmayer	999999	-1BKL	Barklay	999999	-1BKO	Ladanyi, T. & Berko, E.	1	160BLA	Blazit, A. et al.	1	12BLD	Baldwin, J.E. et al.	999999	-1BLK	Blackmore, D.R. et al.	1	11BLL	Ball, R.S.	1	58BLM	Morgan, B.L. et al.	1	6BLN	Blanco	999999	-1BLO	Bloch, M.	1	1BLW	Blow, G.L. et al.	999999	-1BLY	Bailey, H.C.	999999	-1BLZ	Balz, A.	1	1BME	Bem, J.	999999	-1BND	Bendinelli, O. et al.	999999	-1BNK	Brandeker, A. et al.	1	2BNN	Bennot, M.	999999	-1BNU	Bonneau, D.	1	10BNW	Baranov, W.A.	1	2BNY	Barsony, M. et al.	1	3BOB	Bobone, J.	999999	-1BOD	Boden, A.F. et al.	999999	-1BOE	Brouwer, D. & Jenkins, L.F.	999999	-1BOG	Boeger, E.A.	999999	-1BOH	Bohlin, K.	1	1BOJ	Boje, K.	999999	-1BON	Bonnet, R.	999999	-1BOO	Boothroyd, S.L.	1	2BOP	Bopp, B.W. et al.	999999	-1BOR	Borgen, C.	999999	-1BOS	Bosler, J.	999999	-1BOT	Bottger, G. von	2	5BOU	Bourgeois, P.	999999	-1BOV	Bouvier, J. & Appenzeller, I.	1	60BOW	Bowyer, W.M.	1	9BOY	Bouy, H. et al.	1	13BR	Bru, P.	999999	-1BRA	Brasher, M.	999999	-1BRB	Barbieri et al.	999999	-1BRC	Briceno, C. et al.	1	1BRD	Bird, F.	1	4BRE	Brenner, L.	999999	-1BRF	Brown, F.L.	1	5BRG	Breakiron, L.A. & Gatewood, G.	999999	-1BRH	Barth, W, Weigelt, G, Zinnecker. H.	1	1BRJ	Breen, J.	999999	-1BRK	Barker, E., Evans, D., & Laing, J.	999999	-1BRL	Brandham, R.L., Jr.	999999	-1BRM	Brendel, M.	999999	-1BRN	Brunnow, F.	999999	-1BRO	Browne, W.M.	999999	-1BRR	Brandner, W. et al.	1	14BRS	Brown, S.J.	999999	-1BRT	Barton, S.G.	1	3372BRU	ten Bruggencate, P.	999999	-1BRW	Bruwer, J.A.	999999	-1BRY	Bryant, W.W.	999999	-1BRZ	Bretz, M.C.	999999	-1BSO	Brisbane Obs.	1	22BSP	Bespalov, A.V.	999999	-1BST	Bastian, U. & Mundt, R.	1	1BTE	Batten, A.H. et al.	999999	-1BTH	Bartholdi, P.	999999	-1BTN	Burton, H.E.	1	1BTO	Burton, C.E.	999999	-1BTT	Beattie, E.H.	999999	-1BTZ	Bernewitz, E. & Pavel, F.	1	1BU	Burnham, S.W.	1	9002BUC	Buchar, E.	999999	-1BUG	Burgasser, A.J. et al.	1	3BUH	Bruhns, Th.	999999	-1BUN	Bruns, H.	999999	-1BUP	Burnham p.m. stars	1	243BUR	Burling, W.J.	999999	-1BVD	Benavides, R.	999999	-1BWN	Baldwin	999999	-1BWR	Bower, E.C.	999999	-1BVR	Beavers, W.I. & Eitter, J.J.	999999	-1BYE	Byers, L.M.	999999	-1BYS	Bailey, S.I.	999999	-1BYW	Bailey, W.	999999	-1BZF	Baize, F.	999999	-1CAD	LeCadet, G.	999999	-1CAI	Cairol, J.	999999	-1CAL	Callisen	999999	-1CAM	Camichel, H.	999999	-1CAR	Carbillet, M. et al.	1	1CAS	Casey, T.L.	999999	-1CDC	Carte du Ciel (Astrographic Catalog)	999999	-1CDY	Candy, M.P.	999999	-1CEL	Celoria, G.	999999	-1CES	Cester, B.	999999	-1CHA	Chandon, E.	999999	-1CHC	Chacornac, J.	999999	-1CHD	Chandresekhar, T. et al.	999999	-1CHE	Chevalier, P.S.	1	507CHG	Chang, K.	999999	-1CHI	Chelli, A. et al.	999999	-1CHL	Challis, J.	999999	-1CHM	Chaname, J. & Gould, A.	999999	-1CHN	Cohen, M. & Kuhi, L.V.	1	32CHO	Chofardet, P.	999999	-1CHP	Chapman	999999	-1CHR	Center for High Ang. Res. Astronomy	1	262CHT	Tsai Chang Tche	999999	-1CHU	Churms, J.	999999	-1CHV	Chaves, A.J.	999999	-1CHZ	Chu Zhong-yuan	999999	-1CIN	Cincinnati Obs.	999999	-1CJW	Christy, J.W.	999999	-1CLA	Colacevich, A.	999999	-1CLB	Colbert	999999	-1CLD	Callandreau, O.	999999	-1CLL	Comellas, J.L.	999999	-1CLO	Close, L.M. et al.	1	7CLS	Collins, W.H.	1	1CLU	Clouet, B.	1	1CLY	Clymer, W.B.	999999	-1CMN	Comeron,F., Neuhauser,R., & Kaas,A.	999999	-1COG	Cogshall, W.A.	1	2COH	Cohn, F.	1	1COI	Coit, J.B.	999999	-1COL	Coleman, W.	999999	-1COM	Comstock, G.C.	1	8COO	Cordoba Obs.	1	290COP	Copeland, R.	1	3CPO	Copeland, R.	1	639COR	Correia, S. & Richichi, A.	999999	-1COS	Cosserat, E.	999999	-1COT	Costado	999999	-1COU	Couteau, P.	2	2713COW	Cowell, P.H.	999999	-1COX	Cox, G.W.	1	1CPB	Coppenbarger, D. et al.	999999	-1CPD	Cape Photo. Durch.	1	5CPP	Cape Observatory	999999	-1CPR	Cooper, E.F.	999999	-1CRG	Carrington	999999	-1CRI	Crifo, F.	3	30CRO	Crossley, E, Gledhill, J, Wilson, JM	999999	-1CRP	Carpenter, J.M. et al.	1	1CRR	Carroll, W.H.	999999	-1CRS	Christie, W.H.	999999	-1CRU	Cruls, L.	1	6CRW	Crawford, R.T.	999999	-1CSA	Costa, J.M.	999999	-1CSS	Cassini, J.D.	999999	-1CST	Costa, A. et al.	1	10CTA	Costa, D.F.	999999	-1CTT	Courtot, J.-F.	1	16CUA	Cambridge Univ.	999999	-1CUD	Cudworth, K.M.	1	6CUI	Cui	999999	-1CUL	Cullen, R.T.	999999	-1CUN	Chuang, S.S.	999999	-1CUY	Cuypers, J.	999999	-1CVE	Cvetkovic, Z. & Olevic, D.	999999	-1CVN	Chauvin, G. et al.	1	11CVP	Cava, R.J. & Pascal, R.A., Jr.	1	1CWA	Cole, W.A. et al.	999999	-1CWH	Christie, W.H.	999999	-1CXT	Cox, T.	999999	-1D	Dembowski, E.	1	33DA	Dawes, W.R.	1	15DAC	Dacic, M.	999999	-1DAL	Daley, J.A.	1	21DAN	Danjon, A.	1	1DAV	Davies, J.E.	999999	-1DAW	Dawson, B.H.	1	231DBL	de Ball, L.	999999	-1DBR	Debackere, A.	1	3DCH	Duchene, G., Bouvier, J. & Simon, T.	1	45DDY	Doody, E.M. & Burns, K.	999999	-1DEB	de Bievre, C. & Roland, G.	999999	-1DEC	De Caro, E. & Veca, G.	999999	-1DEJ	Dejc, A.N.	999999	-1DEL	Delfosse, X., et al.	1	5DEN	Dennis, J.H.	999999	-1DEO	Hoff, A.H.	999999	-1RN	4	999999	-1DEU	Deutsch, A.J. & Lowen, L.	999999	-1DEV	de Vegt, C. & Gehlich, U.K.	999999	-1DGL	Douglass, A.E.	999999	-1DGN	Dugan, R.S.	999999	-1DIB	diBenedetto, G.P. & Bonneau, D.	999999	-1DIC	Dick	1	3DIN	Dinwiddie, W.W.	999999	-1DJU	Djurkovic, P.	1	8DMB	Dombrowski, E.G.	999999	-1DMR	Demircan, O. & Selam, S.O.	999999	-1DNC	Duncombe, R.L. & Ashbrook, J.	999999	-1DNH	Dunham, D. et al.	999999	-1DNI	Daniel, Z. & Burns, K.	999999	-1DNL	Dunlap, J.	999999	-1DOB	Doberck, W.A.	1	18DOC	Docobo, J. (Docobo et al.)	999999	-1DOL	Dolgorukow, N.	999999	-1DOM	Dommanget, J.	1	1DON	Donner, H.F.	1	1121DOO	Doolittle, E.	1	92DOR	Dorpat Obs.	1	66DOU	Doubiago, D.	999999	-1DOW	Downing, A.M.W.	999999	-1DQE	Duque, J.	999999	-1DRD	Durand, P.	1	2DRU	Drummond, J.D. et al.	999999	-1DSC	Demetrescu, G.	999999	-1DSL	da Silva, A.	999999	-1DTR	Detre, L.	999999	-1DU	Duner, N.C.	3	4DUB	Dubois, J.	999999	-1DUC	Duncan, J.C.	999999	-1DUD	Dudinov, V.N. et al.	999999	-1DUF	Duflot, M.	1	2DUN	Dunlop, J.	2	253DUQ	Duquennoy, A. & Mayor, M.	1	1DUR	Duruy, M.V.	999999	-1DVD	Davidson	999999	-1DVS	Davis, J. & North, J.R.	999999	-1DVY	Davey, B.L.K. et al.	999999	-1DWM	Davis, W.M.	999999	-1DYC	Dyck, M., Simon, T., & Zuckerman, B.	1	1DYL	Doyle, J.	1	48DYR	Dyer, E.R., Jr.	1	1DYS	Dyson, F.	999999	-1EAT	Eaton, J.E. et al.	999999	-1EBE	Ebersberger, J. & Weigelt, G.	999999	-1EBL	Ebell, M.	999999	-1ECK	Eckart, A. et al.	999999	-1EDD	Eddington, A.S.	999999	-1EDG	Edgecomb, D.W.	1	2EDN	Edney, D.J.	999999	-1EGB	Egbert, H.V.	1	9EGG	Eggen, O.J.	1	5EIC	Eichelberger,W.S.	999999	-1EIR	Eiroa, C. et al.	1	1EKE	Ekenberg, B.	999999	-1ELA	Elias, J.H.	1	2ELC	Elchies Obs.	999999	-1ELI	Elipe, A. (Couteau et al.)	999999	-1ELK	Elkin	999999	-1ELL	Ellery, J.	999999	-1ELS	Ellison, M.A.	1	7ELT	Elliott, G.A.	999999	-1ENC	Encke, J.F.	999999	-1ENG	Engelmann, R.	1	88ENH	Engelhardt, B. von	1	1ENO	European Network Observations	1	11ERC	Erceg, V.	999999	-1ERK	Erck, W.	999999	-1ERN	Ernst, E.	999999	-1ERO	Goldman, B. et al.	999999	-1ES	Espin, T.E.	1	9006EST	Elst, E.W. & Nelles, B.	999999	-1EVA	Evans, H.B.	999999	-1EVE	Everett, A.	999999	-1EVN	Evans, D.S.	999999	-1FAB	Fabricius, C. & Makarov, V.V.	1	19FAL	Falin, J.L. & Mignard, F.	1	78FAN	Fantoli, A.	999999	-1FAR	Fargis, G.A.	999999	-1FAT	Fatou, P.	999999	-1FAY	Fayet, G.	999999	-1FCH	Fischer, O. et al.	999999	-1FEA	Fearnley, C.F.	999999	-1FED	Federer, C.A.	999999	-1FEI	Feierman, B.H.	999999	-1FEK	Fekel, F.C. et al.	999999	-1FEN	Fender, F.G.	1	44FER	Ferrin, A.	999999	-1FES	Fessenkov, B.	999999	-1FIC	Finch	999999	-1FIL	Filipov, M.L.	2	28FIN	Finsen, W.S.	1	429FJL	Fjeltofte, S.	999999	-1FLA	Flammarion, C.	999999	-1FLE	Fleckenstein, J.	1	3FLI	Flint, A.S.	999999	-1FLM	Flamsteed	999999	-1FLO	Florsch, A.	999999	-1FLR	Fletcher, A.	999999	-1FLT	Fletcher, I.	999999	-1FME	Freed, M., Close, L., & Siegler, N.	1	1FMR	Romero, F.M.R.	1	5FNK	Finkenzeller, U. & Mundt, R.	999999	-1FNZ	Franz, O.G.	999999	-1FOE	Ferrer, O.E.	999999	-1FOK	Fokker, A.D.	999999	-1FOO	Fors, O. et al.	999999	-1FOR	Forgeron, L.	1	1FOS	Fossat, E.	999999	-1FOX	Fox, P.	1	9001FRA	Frangetto, R.	999999	-1FRD	Fredrick, L.W.	999999	-1FRE	Fredrickson, M.	999999	-1FRG	Ferguson, J.	999999	-1FRH	Furuhjelm, R.	1	1FRI	Fritsche	999999	-1FRK	Franks, W.S.	1	13FRL	Froley, J.W.	999999	-1FRM	Farman, M.	999999	-1FRN	Franklin, K.L.	999999	-1FRO	Frolich, O.	999999	-1FRR	Ferrari, P.G.	999999	-1FRS	Frisby, E.	999999	-1FRT	Forrest, W.J. et al.	1	1FRU	Frueh, M. et al.	999999	-1FRV	Forveille, T. et al.	1	1FRW	Ferwerda, J.G.	999999	-1FRZ	Franz, J.	999999	-1FSR	Foerster, W.J.	999999	-1FUN	Furlan, E. et al.	999999	-1FUR	Furner, H.	1	2FUS	von Fuss	999999	-1FVB	Bordonau, F.A.V.	999999	-1GAL	Gallo, J.	3	421GAN	Anderson, G.	1	6GAR	Garcia, J.M.	999999	-1GAT	Gatewood, G.D.	999999	-1GAU	Gauchet, P.L.	1	4919GAV	Gaviola, E.	999999	-1GBB	Gabba, L.	999999	-1GCB	Giacobini, M.	1	75GE	Gasteyer, C.	999999	-1GEA	Grup d'Estudis Astronòmics	999999	-1GED	Geddes, M.	999999	-1GEE	Geertsen, W.	999999	-1GEH	Gehrz, R.D. et al.	999999	-1GEL	Gellera, D.	1	1GEN	Genzel, R. et al.	1	1GEO	Geoffray, H. & Monin, J.-L.	999999	-1GER	Gerasimovic, B.P.	999999	-1GEZ	Gezari, D.Y. et al.	999999	-1GFO	Griffith Observatory	999999	-1GHE	Ghez, A.M. et al.	1	46GIA	Giacomelli, F.	999999	-1GIC	Giclas, H., Burnham, R. & Thomas, N.	1	197GIE	Gies, D.R. et al.	999999	-1GIF	Gifford, E.H.	999999	-1GII	Gili, R.	999999	-1GIL	Gill, D.	999999	-1GIN	Ginestet, N. et al.	999999	-1GIR	Girard, P.M.	1	5GIZ	Gizis, J.E. et al.	999999	-1GKI	Golimowski, D.A. et al.	1	1GLD	Gledhill, J.	999999	-1GLE	Gale, W.F.	1	3GLG	Gallagher, J.D.	999999	-1GLI	Gilliss, J.M.	2	295GLL	Galle, G.	999999	-1GLO	Gallo, M.	999999	-1GLP	Glasenapp, S.	1	20GND	Grandon, R.	999999	-1GNT	Grant	1	1GNY	Goldney, G.A.	999999	-1GOE	Goecking, K.-D. et al.	1	1GOL	Goldschmidt, H.	1	2GON	Gontcharov, G.A. et al.	999999	-1GOR	Gore, J.E.	999999	-1GOU	Gould	999999	-1GRA	Gratschov, M.	999999	-1GRB	Groombridge, S.	34	34GRF	Radford, G.A. & Griffin, R.F.	999999	-1GRH	Gorham, P.W. et al.	999999	-1GRO	Greenwich Obs.	999999	-1GRR	Girard, T.M. et al.	999999	-1GRT	Girart,J., Rodriguez,L., & Curiel,S.	1	1GRU	Gruber, L.	999999	-1GRV	Greaves, J.	1	1154GSH	Glaisher, J.	1	2GSU	Wilson, J.W. et al.	999999	-1GTB	Gottlieb, K.	1	1GTL	Gentili	999999	-1GUI	Guillaume, J.	1	40GUM	Gummere, H.V.	999999	-1GUS	Gushee, V.M.	999999	-1GUT	Guterbock	999999	-1GUY	Guyot, W.E.	999999	-1GYD	Gylden, H.	999999	-1GYL	Goyal, A.N.	5	94GZL	Guntzel-Lingner, U.	999999	-1GZZ	Giannuzzi, M.A.	999999	-1H	Herschel, W.	999999	-1HAA	Haarh, G.	999999	-1HAF	Haffner, H.	999999	-1HAG	Hagen, J.G.	999999	-1HAI	Han, I., Black, D., & Gatewood, G.	999999	-1HAL	Hall, A., Jr.	999999	-1HAM	Hammond, J.C.	1	1HAN	Haniff, C.A. et al.	999999	-1HAR	Hargreaves, F.J.	999999	-1HAS	Hassenstein, W.	999999	-1HAT	Hartigan, P., Strom, K., & Strom, S.	1	15HAU	Haupt, H.	1	29HAV	Haverford Col. Obs.	999999	-1HAW	Hawksworth	999999	-1HAY	Haywood, J.W. et al.	999999	-1HBR	Hanbury Brown et al.	999999	-1HCH	Haisch, K.E. et al.	1	1HDO	Harvard Obs.	1	319HDS	Hipparcos Double Star	1	3408HDZ	Hernandez & Sahade	1	4HEA	Hearson	999999	-1HEG	Hege, E.K. et al.	1	1HEI	Heintz, W.D.	1	918HEN	Henry, T.J. et al.	1	3HEP	Hepperger (Vienna)	999999	-1HER	Herbig, G.H.	1	18HEZ	Hernandez, K.	999999	-1HG	Hog, E.	999999	-1HGH	Houghton (Temple)	999999	-1HIG	Highton, H.P.	999999	-1HIL	Hill, L.	1	1HIN	Hind, J.R.	999999	-1HIP	Hipparcos	999999	-1HIR	Hirst, W.P.	999999	-1HJ	Herschel, J.F.W.	2	9007HL	Hall, A.	1	33HLB	Hillenbrand, L.A.	1	1HLD	Holden, E.S.	1	175HLE	Hale, A.	999999	-1HLG	Hill, G. et al.	999999	-1HLL	Hall, M.	999999	-1HLM	Holmes, E.	1	43HLN	Holden, F.	2	48HLP	Halpern, J.L.	999999	-1HLR	Hall, R.G.	999999	-1HLS	Hollis, H.P.	999999	-1HLT	Holetschek, J.	999999	-1HMB	von Humboldt, A.	999999	-1HMM	Hummel, C.A. et al.	1	1HMR	Hammer, C.	999999	-1HND	Henderson	999999	-1HNG	Honig, S.F. & Tscharnuter, W.M.	999999	-1HNR	Henry	999999	-1HNS	Hansen, C.	999999	-1HNZ	Hintze, K.H.	999999	-1HO	Hough, G.W.	1	655HOC	Hock, E.	999999	-1HOD	Hodges, C.H.	999999	-1HOL	Holmgren, D. et al.	999999	-1HON	Honnart, F.	999999	-1HOP	Hopmann, J.	999999	-1HOR	Horch, E.P. et al.	999999	-1HOU	Houser, J.L.	999999	-1HOW	Howell,R.R., McCarthy,D.W., Low,F.J.	999999	-1HOY	Hoyenga, G.	999999	-1HPK	Hopkins, M.M.	999999	-1HRC	Heinrich, W.W.	999999	-1HRG	Hargrave, L.	2	139HRL	Harlan, G.	1	1HRM	Hartmann, L. et al.	999999	-1HRN	Hartnup, J.	999999	-1HRP	Harper, W.E.	999999	-1HRR	Harrington, R.S.	999999	-1HRS	Harris, D.L.	1	1HRT	Hartkopf, W.I. & McAlister, H.A.	999999	-1HRW	Harwood, J.M. et al.	999999	-1HRY	Hershey, J.L.	999999	-1HSC	Horeschi, E.	999999	-1HSM	Haas, M, Leinert, C, & Zinnecker, H	999999	-1HST	Hirst, G.D.	999999	-1HSW	Harshaw, R.	1	7HTG	Hastings, C.S.	1	1HTT	Hutton, J.W.	999999	-1HU	Hussey, W.J.	1	1656HUA	Huard,T., Weintraub,D., & Kastner,J.	999999	-1HUB	Hubrig, S. et al.	1	18HUF	Huffer, R.C.	999999	-1HUM	Humason, M.L.	999999	-1HUN	Hunt, G.	999999	-1HUR	Hurley. P. & Warner, B.	999999	-1HUS	Huss, J.	999999	-1HUT	Hutchings, J.B. et al.	1	1HW	Hofmann, K.-H. & Weigelt, G.	1	1HWC	Howard, C.P.	999999	-1HWD	Howard, W.E.	999999	-1HWE	Howe, H.A.	1	101HYD	Hyderabad Catalogue	999999	-1HYN	Hayn, F.	999999	-1HZG	Hertzsprung, E.	1	16I	Innes, R.T.A.	3	9005IAN	Iannini, G.	999999	-1IDS	Jeffers, H.M., van den Bos, W.H.	999999	-1INA	Inaba, M.	999999	-1INN	Ianna, P.A. & McAlister, H.A.	999999	-1INO	Ichinohe, N.	999999	-1IRW	Irwin, A.W. et al.	999999	-1ISM	Ismailov, R.M.	1	5ISO	Isobe, S. et al.	1	14ITO	Itoh, Y. et al.	1	5IZM	Izmailov, I.S. et al.	999999	-1J	Jonckheere, R.	1	3354JAC	Jackson, C.	999999	-1JAE	de Jaegher, L.	999999	-1JAM	Jameson, H.	999999	-1JAN	Luplau-Janssen, C.	999999	-1JAO	Jao, W.-C. et al.	1	6JAS	Jasinta, D.M.D. & Soegiartini, E.	999999	-1JAW	Jaworski, R.	1	50JAY	Jayawardhana, R. & Brandeker, A.	1	2JC	Jacob, W.S.	1	25JCK	Jackson, J.	999999	-1JCT	Thorel, J.-C.	1	4JDH	Jones, D.H.	999999	-1JE	Jedrzejewicz, J.	999999	-1JEF	Jeffers, H.M.	1	3JFR	Jouffray, A.C.	999999	-1JHN	Johnson, H.M. & Mayor, M.	999999	-1JHS	Johnson, H.L.	999999	-1JLJ	Jones, J.L.	999999	-1JKN	Jackson, P.	999999	-1JKS	Jenniskens, M.P.	1	25JMJ	Johnson, Manuel J.	999999	-1JNS	Jones, G.L.	1	1JNT	Johnston, K.J. et al.	999999	-1JNV	Janova, V.	999999	-1JNY	Janny, P.	999999	-1JOA	Jones, A.	999999	-1JOB	Job, F. & Tamburini, T.	999999	-1JOH	Johnson, E.L.	1	5JON	Jones, H.S.	999999	-1JOR	Jones, R.B.	999999	-1JOS	Jost, E.	999999	-1JOV	Jove, S.	999999	-1JOY	Joy, A.H. & Humason, M.L.	1	8JRN	Jorissen, A.	2	44JSN	Johnson, S.J.	999999	-1JSP	Jessup, M.K.	1	9002JST	Jastrzebski, T.	999999	-1JTI	Josties, F. J.	999999	-1KAI	Kaiser, F.	999999	-1KAM	van de Kamp, P.	1	3KAR	Karovska, M. et al.	1	1KAZ	Kazansky, J.A. & Bugoslavsky, E.J.	999999	-1KDL	Kendall, E.O.	999999	-1KEN	Kenworthy, M. et al.	999999	-1KER	Koerner, D.W. et al.	1	2KII	Kiick, D.M.	999999	-1KIN	King, E.S.	999999	-1KIR	Kirkpatrick, J.D. et al.	1	5KIS	Kisselev, A.A., Kiyaeva, O.V.	999999	-1KIY	Kiyaeva, O.V. et al.	999999	-1KLE	Klerk, M.	999999	-1KLI	Klinkerfues, E.F.W.	999999	-1KLK	Kulikovskii, P.G. et al.	999999	-1KMM	Kummritz, W.	999999	-1KNC	Konacki, M. & Lane, B.F.	999999	-1KNG	Koenig, B. et al.	1	1KNO	Knol	999999	-1KNP	Knipe, G.F.G.	1	4KNR	Knorre, V.C.	999999	-1KNT	Knott, G.	1	5KOB	Kobayashu, N. et al.	999999	-1KOC	Koch, G.	999999	-1KOE	Koechlin, L. et al.	1	1KOH	Koehler, R. & Leinert, Ch.	1	78KOM	Komendantov, N.V.	999999	-1KOP	Kopal, Z.	1	1KOR	Korbut, I.F.	999999	-1KPR	Kamper, K.W.	1	5KPZ	Krumpholtz, H.	999999	-1KR	Kruger, A.	1	67KRA	Kranjc, A.	999999	-1KRI	Krist, J.E. et al.	999999	-1KRK	Kirk, E.B.	999999	-1KRM	Karmel, G.	999999	-1KRN	Kurochkin, N.E.	999999	-1KRO	Kron, G.	1	1KRS	Koresko, C.D. et al.	1	9KRT	Kortazzi, J.	999999	-1KRU	Kruger, E.C.	1	8KU	Kustner, F.	1	143KUI	Kuiper, G.P.	1	124KUL	Kulagin, E.S.	999999	-1KUM	Kumon, T.	999999	-1KZA	Kazeza, S.M.	1	123KZN	Kaznica, J.J.	999999	-1L	Lewis, T.	1	53LAB	Labeyrie, A. et al.	1	6LAC	Lacchini, G.B.	999999	-1LAD	Ladanyi, T.	1	1LAG	Lagrula, P.	999999	-1LAL	de Lalande, F.	53	194LAM	Lamont, J.	1	7LAN	Lange, M.	999999	-1LAQ	Laques, P. & Morel, P.J.	999999	-1LAR	Larink, J.	1	1LAT	Latham, D.N. et al.	999999	-1LAU	Lau, H.E.	1	5LAW	Lawton, G.K.	999999	-1LBU	Le Beau, J.	1	2LBZ	Labitzke, P.	1	1LCL	Lacaille, N.L.	119	120LCR	Lanchares, V. (Docobo et al.)	999999	-1LDB	Lindenblad, I.W.	999999	-1LDN	von Lindenau, B.A.	999999	-1LDS	Luyten p.m. catalog	1	9181LEE	Lee, O.J.	1	1LEF	Lefevre, J.R.A.	999999	-1LEG	Leggett, S.K. et al.	999999	-1LEH	Lehmann, H. et al.	999999	-1LEI	Leinert, Ch, Jahreiss, H, & Haas, M	1	30LEM	Lembang Obs.	999999	-1LEO	Leonard, F.C.	1	58LEP	Lepine, S. et al.	999999	-1LES	Leone, S.	999999	-1LEU	Leuschner, A.O.	999999	-1LEW	Lewitzky, G.	999999	-1LFB	Lefebvre, M.	999999	-1LGG	Lagage, P.O. et al.	1	1LHM	Lehman, D.A.	999999	-1LI	Li, W. et al.	1	7LIA	Liapanouv	999999	-1LIN	Ling, J.F.	999999	-1LIP	Lippincott, S.L.	999999	-1LIU	Liu, N. et al.	999999	-1LMB	Lamb, A.	999999	-1LMP	Lampens, P. & Strigachev, A.	1	24LND	Lindroos, K.P.	999999	-1LNE	Lane, B.F. et al.	999999	-1LNG	Lan Ling Fang	999999	-1LNS	Lindstedt, A.	999999	-1LOB	Lobao, D.C.	999999	-1LOH	Lohse, O.	1	1LOI	Loinard,L, Rodriguez,L & Rodriguez,M	999999	-1LOO	Looney, L., Mundy, L. & Welch, W.	1	8LOR	Lord, H.C.	999999	-1LOV	Lovett, E.O.	999999	-1LOW	Low, F., Hines, D., & Schneider, G.	999999	-1LPF	Lempfert, R.G.	999999	-1LPM	Luyten p.m. catalog	69	629LPO	La Plata Obs.	1	75LRS	Larsen, J.	999999	-1LRT	Lortet, M.C. et al.	999999	-1LRZ	Lauritzen, S.	999999	-1LSE	Leese, T.	999999	-1LSL	Lassell, W.	1	1LSY	Lindsay	999999	-1LT	Lyot, B.	999999	-1LTG	Lategan, O.P.	999999	-1LUC	Luck, J.M.	999999	-1LUH	Luhman, K.L.	999999	-1LUK	Lucke, P.B. & Mayor, M.	999999	-1LUN	Lunt, J.	999999	-1LUT	Luther, E.	999999	-1LUY	Luyten, W.J.	6207	6219LV	Leavenworth, F.	1	25LWR	Lowrance, P.J. et al.	1	2LWW	Lohmann, A.W. et al.	999999	-1LYO	Lyons, U.S.	1	1LYS	Louys, L.	1	44MA	Mason, A.H.	2	2MAA	Maanen, A. van & Humason, M.	1	1MAC	Maclear, T.	999999	-1MAD	Maedler, J.H.	1	12MAG	Maggini, M.	999999	-1MAH	Maihara, T. & Kataza, H.	999999	-1MAI	Main, R.	999999	-1MAK	Makemson, M.W.	999999	-1MAN	Maneng, L.	999999	-1MAR	Mariotti et al.	999999	-1MAS	Manson, S.E.	999999	-1MAT	Mantelli, U.	999999	-1MAU	Maunder, E.W.	999999	-1MAW	Maw, W.H.	999999	-1MAY	Mauroy, P. & Mauroy, F.	999999	-1MAZ	Ma Zhong-liang	999999	-1MBT	Malbet, F. et al.	999999	-1MCA	McAlister, H.A.	1	76MCB	McCabe, C. Duchene, G. & Ghez, A.M.	999999	-1MCC	MacConnell, D.J.	999999	-1MCG	McCaughrean, M.J. et al.	999999	-1MCH	Munch, W.	999999	-1MCI	McInnerny, B.J.	999999	-1MCL	Maclear, G.	999999	-1MCM	McMullen	999999	-1MCO	Mont Chiron Obs.	628	714MCR	McClure, R.D.	999999	-1MCT	McCarthy, C. et al.	1	14MCY	McCarthy, D.W.	1	3MCZ	Miczaika , G.	999999	-1MDO	Madras Obs.	999999	-1MEA	Meaburn, J. et al.	999999	-1MEI	Meier	999999	-1MEL	Martin, E.L. et al.	1	8MER	Mercier, R.	999999	-1MET	Metchev,S, Hillenbrand,L, & White,R	999999	-1MEY	Meyer, C. et al.	999999	-1MFD	Merfield	999999	-1MIC	Michelson, A.A.	999999	-1MIG	Mignard, F.	999999	-1MIJ	Miller, J.F.	999999	-1MIL	Miller, J.A.	1	6MIR	Miranian, M.	999999	-1MIU	Miura, N. et al.	1	3MKT	Pan, X.P. et al.	1	12MLA	McLaughlin, D.B.	999999	-1MLB	Milburn, W.	1	1103MLE	McLeod, N.W.	999999	-1MLF	Muller, F.	1	2MLL	Mitchell, S.A.	1	10MLN	Merlin, E.	999999	-1MLO	Melbourne Obs.	1	96MLR	Muller, P.	1	708MLT	Melotte, P.	999999	-1MNE	Moneti, A. & Zinncker, H.	999999	-1MNN	Mann, N.M.	999999	-1MNT	Mante, R.	999999	-1MOE	Moesta, C.W.	999999	-1MOH	Mohiuddin, G.	999999	-1MOL	Moller (Poulkova)	999999	-1MON	Montangerand, L.	999999	-1MOR	Morlet, G., Salaman, M. & Gili, R.	999999	-1MOT	Motherwell, R.M.	1	2MOU	Moulton, F.R.	999999	-1MRB	Morbey, C.L. & Fletcher, J.M.	999999	-1MRC	Marcy, G.W. & Moore, D.	999999	-1MRG	Morgan, H.R.	1	5MRH	Marchetti, E. et al.	999999	-1MRI	Martin, E.R.M.	999999	-1MRJ	Muller, R.J. et al.	999999	-1MRL	Morel, P.J.	1	2MRN	Martin, Ch. et al.	999999	-1MRO	Mourao, R.R.F.	999999	-1MRR	Merrill, P.W.	999999	-1MRS	Marson, R.G. et al.	999999	-1MRT	Morton, F.	999999	-1MRZ	Markowitz, W.	1	2MSC	Masciadri, E. et al.	999999	-1MSK	Maskelyne, N.	999999	-1MSN	Mason, B.D. et al.	1	1MSS	Massone, G.	999999	-1MTH	Marth	999999	-1MTL	Mitchel, O.M.	1	3MTN	Martin, G., Ianna, P.A.	999999	-1MUG	Mugrauer, M. et al.	1	1MUN	Mundler, M.	999999	-1MYC	Mayer, Ch.	999999	-1MYP	Mayer, Pavel	999999	-1MYR	Meyer	999999	-1MYT	Mayer, Tobias	999999	-1NAJ	Nakajima, T. et al.	1	1NAK	Nakos, T. et al.	999999	-1NAR	Narsimhan, B.	999999	-1NBG	Newberg, J.L.	1	1NEF	Neff, W.N.	999999	-1NEL	Nelan, E.P. et al.	999999	-1NES	Newcomb, S.	999999	-1NEU	Neumin, G.E.	999999	-1NEV	Neven, L.	999999	-1NEW	Newton, H.W.	999999	-1NGB	Neugebauer, G. et al.	1	1NGL	Nangle, J.	999999	-1NHR	Neuhauser, R. et al.	1	7NI	Nicholson, M.P.	999999	-1NIB	Niblett	999999	-1NIE	Nielsen, A.	999999	-1NIS	Nissen, A.	999999	-1NML	Niemela, V.S. et al.	1	2NOB	Nobile, A.	999999	-1NOI	Benson, J.A. et al.	1	1NOW	Noble, W.	999999	-1NRR	Norro, A.	999999	-1NSE	Nisenson, P. et al.	1	1NST	Niesten, L.	999999	-1NVL	Nechville, V.	999999	-1NWB	Newburg, J.L.	999999	-1NYF	Nyfeldt, A.	999999	-1NYS	Nys, O.	1	6NZO	New Zealand Obs.	1	109OBL	Oblomievsky (Poulkova)	999999	-1OCC	Occult. Doubles Cat. D. Dunham, ed.	999999	-1ODE	Odenkirchen, M. & Brosche, P.	2	11OL	Olivier, C.P.	1	225OLE	Olevic, D.	1	5OMO	Omodeo, A.	999999	-1ONL	Occult. News Letters	1	1OPA	Opalski, W.	999999	-1OPI	Opik, E.	1	25OPP	Oppenheimer, B.R. et al.	999999	-1OSB	Osborn, W.H.	1	8OSG	Osgood, T.H.	999999	-1OSO	Osorio, M.R. Zapatero & Martin, E.L.	1	209OST	Oosterhoff, P. Th.	1	1OSV	Osvalds, V.	1	5PAD	Padgett, D.L. Strom, S.E. & Ghez, A.	999999	-1PAL	Pavlovic, R.	1	1PAN	Panjaitan, E. & Herdiwijaya, D.	1	28PAO	Paunovuc, D..	999999	-1PAR	Parkhurst, J.A.	1	3PAT	Patience, J. et al.	1	48PAU	Pauscher, H.	999999	-1PAV	Pavel, F.	999999	-1PBS	Preibisch, T. et al.	1	3PBX	Pourbaix, D.	999999	-1PCK	Pickering, E., Searle, A., Upton, W.	999999	-1PEA	Pease, F.G.	1	1PED	P'edoussaut, A. et al.	999999	-1PEH	Pehlemann, E. et al.	999999	-1PEI	Peirce, C.S.	999999	-1PEK	Peek, B.M.	999999	-1PEN	Pensado Iglesias, J.	999999	-1PER	Perrotin, J.	1	2PET	Petit, H.	999999	-1PEZ	Perez, M.R. et al.	999999	-1PHI	Phillipot	999999	-1PHL	Phillips, T.E.	1	1PHM	Philpott	999999	-1PIC	Pickering, W.H.	1	1PID	Pidoux, J.	999999	-1PIE	Pierce, M.L. & Lavery, R.J.	999999	-1PIP	Pipping, G.	999999	-1PIT	Pither, C.	999999	-1PKO	Pulkovo Obs.	1	17PLC	Palacios, R. Cid	999999	-1PLM	Plummer, W.E.	999999	-1PLQ	Paloque, E.	1	48PLU	Plummer, H.C.	999999	-1PLZ	Pluzhnik, E.A.	999999	-1PMA	Postma, S.W.	999999	-1PND	Pound, J.	999999	-1PNK	Penkala, D.D.	999999	-1POC	Pocock, A.J.	1	3POK	Pokrovsky, K.D.	999999	-1POL	Pollock, J.A.	1	9POP	Popovic, G.M.	1	1234POS	Postlemann, A.	999999	-1POT	Potter, D. et al.	1	1POU	Pourteau, M. A.	1	5883PPP	Popper, D.M.	999999	-1PRA	Prato, L. et al.	999999	-1PRB	Probst, R.G.	999999	-1PRC	Pritchett, C.W.	999999	-1PRD	Pritchard, C.	999999	-1PRE	Pretre, P.	999999	-1PRI	Prieto, C. (Docobo et al.)	999999	-1PRJ	Pritchett, C.W., Jr.	999999	-1PRN	Perrine, C.D.	1	2PRO	Perth Obs.	1	244PRR	Perrier, C. et al.	999999	-1PRS	Prosser, C.F.	1	36PRT	Pritchett, H.S.	1	9001PRU	Prieur, J.-L. et al.	999999	-1PRV	Pravdo, S.H. et al.	999999	-1PRY	Perry, J.J.M.	1	3PRZ	Przbyllok, E.	2	14PTC	Lien Pou Cheou	999999	-1PTE	Peters, C.F.W.	999999	-1PTI	Pan, X., Shao, M., & Kulkarni, S.R.	999999	-1PTR	Petr, M.G. et al.	1	1PTS	Peterson, D.M. et al.	999999	-1PTT	Pettit, E.	1	27PUI	Puiseux, P.	1	1PWL	Powell, E.B.	1	1PWS	Pauwels, T. & Lampens, P.	1	22PZ	Piazzi, G.	2	7QIA	Qian, B.C., & Fan, Q.-Y.	999999	-1R	Russell, H.C.	3	9001RAB	Rabe, W.	1	1RAD	Radick, R.R.	999999	-1RAG	Raghavan, D. et al.	999999	-1RAK	Rakos, K.	999999	-1RAY	Raynsford, G.M.	999999	-1RBR	Roberts, L.C., Jr. et al.	999999	-1RBS	Robertson, W.H.	1	2RBN	Robinson (Radcliffe)	999999	-1RBT	Robertson, J.G. et al.	1	1RCH	Richichi, A. et al.	1	2RCR	Richardson	999999	-1RDG	Ridgway, S.T. et al.	999999	-1RE	Roemer, E.	999999	-1REB	Rebolo, R. et al.	999999	-1REC	Riechert	999999	-1RED	Reid, I.N. & Gizis, J.E.	1	11REI	Reinmuth, K.	1	1REN	Renz, F.	999999	-1REP	Reipurth, B. & Gee, G.	1	50RES	Ressler, M.E. & Barsony, M.	1	1REU	Reuyl, D.	1	2REZ	de la Reza, R. et al.	999999	-1RHD	Richaud	1	1RIC	Rice, H.L.	999999	-1RIE	Rieke, G., Ashok, N., & Boyle, R.	1	1RKW	Rakowiechi	999999	-1RMK	Rumker, C.	2	26RMN	Romanenko, L.G.	999999	-1ROB	Roberts, A.W.	999999	-1ROD	Roddier, C. et al.	999999	-1ROE	Roe, E.D.	1	149ROJ	Rojo, M.	999999	-1ROM	Romberg, H.	999999	-1RON	Ronchi, V.	999999	-1ROS	Ross, F.E.	999999	-1ROU	Rougier, G.	999999	-1RSD	Rossard, F.	999999	-1RSE	Rosse, Lord	999999	-1RSS	Rousseau, J.M. et al.	1	582RST	Rossiter, R.A.	1	9009RUD	Rudnick, P.	999999	-1RUJ	Russell, J.A.	999999	-1RUS	Russell, H.N.	999999	-1RUT	Rutherford	999999	-1RUY	Ruymaekers, G. & Nys, O.	999999	-1RYA	Ryan, J.M.	1	1S	South, J.	384	838SAB	Sabler, G.T.	999999	-1SAH	Saha, S.K. et al.	999999	-1SAL	Salet, P.	999999	-1SAN	Sanford, R.F. & Nicholson, S.B.	1	3SAV	Savary	999999	-1SBC	Saint-Blancat, D.	999999	-1SBK	Seabroke, G.M.	1	2SCA	Scardia, M.	1	167SCD	Schmeidler, F.	999999	-1SCF	Scarfe, C.D.	999999	-1SCH	Schembor, F.	1	1SCJ	Schjellerup, H.	1	30SCL	Scholl, H.	999999	-1SCM	Schmidt, G.D. et al.	999999	-1SCN	Schnabel, C.	999999	-1SCO	Schoeller, M. et al.	999999	-1SCR	Schur, W.	999999	-1SCT	Scott, J.L.	1	2SCW	Schwartz, P.R. et al.	999999	-1SCZ	Schultz, A.B. et al.	1	1SDB	Soderblom, D.R. et al.	999999	-1SDK	Sanduleak	1	1SDL	Seidl, Z.	999999	-1SDR	Sanders, W.L.	999999	-1SE	Secchi, A.	1	5SEA	Searle, G.M.	999999	-1SEE	See, T.J.J.	1	513SEG	Seagrave	999999	-1SEI	Scheiner, J.	1	1565SEL	Schoedel, R. et al.	999999	-1SEM	Semirot, P.	999999	-1SEN	Senff (Dorpat)	999999	-1SER	Serafimov, B.	999999	-1SEY	Seymour, D. & Mason, B.	999999	-1SFN	Steffen, A. et al.	1	1SFR	Schaefer, G.H. et al.	999999	-1SGR	Segransan, D. et al.	999999	-1SGT	Sagot, R.	999999	-1SHA	Shajn, G.	999999	-1SHB	Schaeberle, J.M.	1	1SHD	Schroeder, D.J. et al.	999999	-1SHE	Schertl, D. et al.	999999	-1SHG	Shanghai Obs.	999999	-1SHH	Stichtenoth, A.	999999	-1SHJ	South, J. & Herschel, J.	22	372SHL	Schluter, H.	999999	-1SHM	Schmidt, K.	999999	-1SHO	Schorr	999999	-1SHN	Schneider, G. & Anderson, C.	1	44SHP	Sheepshanks, R.	999999	-1SHR	Schiller, K.	1	1SHT	Shatsky, N.I.	1	72SHU	Shur, W.	999999	-1SHZ	Sanchez, A.	999999	-1SIE	Siegrist, L.	999999	-1SIG	Siegler, N. et al.	1	5SIL	Silbernagel, E.	999999	-1SIM	Simpkins, R.P.	999999	-1SIN	Sinachopoulos, D.	1	115SKF	Skiff, B.A.	1	1SKI	Skinner, A.N.	1	15SKN	Skinner, S, Brown, A, & Stewart, R	1	1SKP	Schroeder, K.-P. & Huensch, M.	999999	-1SKW	Smith, K.W. et al.	1	2SKY	Savitsky, P.	999999	-1SLA	Slater, R.C.	999999	-1SLD	Selander, N.H.	999999	-1SLE	Soulie, G.	1	688SLG	Seeliger, H.	999999	-1SLM	Salaman, M., Morlet, G. & Gili, R.	999999	-1SLO	Slocum, F.	1	1SLR	Sellors, R.P.	1	27SLV	Salukvadze, G.	1	9SLZ	Scholz, G. et al.	999999	-1SMA	Smart, W.M.	1	213SMD	Schmidt	999999	-1SMF	Smysloff (Poulkova)	999999	-1SMI	Smith, L.J.	999999	-1SMK	Schmidtke, P.C. & Africano, J.L.	1	1SMM	Simms	999999	-1SMN	Simon, M. et al.	1	16SMS	Sims, K.P.	999999	-1SMT	Smith, A.P.	999999	-1SMW	Simonov, G.V.	1	1SMY	Smyth, W.H.	1	5SNB	Schoenberg	999999	-1SND	Sandmann, W.H.	999999	-1SNE	Stone, E.J.	999999	-1SNG	Sang	999999	-1SNK	Stanke, T. & Zinnecker, H.	999999	-1SNP	Schnell, A. & Purgathofer, A.	999999	-1SNT	Sinton, W.M.	999999	-1SOD	Soderhjelm, S.	999999	-1SOK	Sokolova, E.A.	999999	-1SOL	Sola, J. Comas	1	1SOR	Barnaby, D. et al.	999999	-1SOU	Soule, S.B.	999999	-1SOW	Sowell, J.R. et al.	999999	-1SOZ	Scholz, R.-D. et al.	1	1SP	Schiaparelli, J.V.	1	3SPH	Stephens, D.C. et al.	999999	-1SPO	Sporer	999999	-1SPR	Pitman, J.H. & Marriott, R.W.	999999	-1SRB	Sternberg Inst.	999999	-1SRL	Struve, L.	999999	-1SRO	Struve, O. & Rudkjobing, M.	999999	-1SRT	Shuart, R.	1	4ST	Stearns, C.L.	1	10STA	Starikova, G.A.	1	3STB	Stebbins, J.	999999	-1STC	Stickland, D.J. & Weatherby, J.	999999	-1STE	Stephenson, B.	1	1STF	Struve, F.G.W.	0	3136STG	Struve, G.	1	10STH	Struve, H.	1	7STI	Stein, J.	1	9001STK	von Schrutka, G.	999999	-1STL	Stecklum, B.	999999	-1STM	Stauffer, M.T.	999999	-1STN	Stone, O.	2	9001STO	Storey, J.	1	1STP	Stapelfeldt, K.R. et al.	999999	-1STR	Strand, K.A.	999999	-1STT	Struve, O.	0	600STU	Sturdy, K.	1	25STV	Steavenson, W.H.	999999	-1SUL	Soulie, E.J.	999999	-1SUM	Sumzina, N.K.	999999	-1SVV	Smith, V.V. et al.	999999	-1SWI	Swift, L.	1	3SWR	Stock, J. & Wroblewski, H.	1	271SWZ	Schwarschild, K.	999999	-1SYM	Symms, L.S.T.	999999	-1SYO	Sydney Obs.	1	2SZR	Schwartz, R.D.	1	4SZK	Szkalnitsky, P.	999999	-1TAL	Talmadge, C.G.	999999	-1TAM	Tamazian, V.S., Docobo, & Melikian	999999	-1TAN	Tannenbaum, B.	999999	-1TAR	Tarrant, K.J.	2	5TAY	Taylor, P.H.	1	1TB	Tebbutt, J.	999999	-1TCH	Tchen Yong Liang	999999	-1TDS	Tycho Double Star	1	9999TDT	Tycho Double Star	1	4317TEA	Teague, E.T.H.	1	1TEM	Temple Obs.	999999	-1TER	Terebey, S. et al.	999999	-1TGY	Tanguay, R.C.	999999	-1THB	Thiebaut, F. et al.	1	1THE	The, P.S.	999999	-1THI	Thiele, H.	999999	-1THK	Thorkildson, R.	999999	-1THM	Thomsen, I.L.	999999	-1THO	Thompson	999999	-1THR	Thorel, J.-C.	999999	-1THS	Thomas, D.V.	999999	-1TID	Tidblom	999999	-1TIS	Tisserand	999999	-1TKA	Tel'nyuk-Adamchuk, V.V.	1	1TLF	Tollefsen, M.	999999	-1TMA	2MASS Catalog	999999	-1TNG	Tango, W.J. et al.	1	1TOB	Tobal, T.	1	141TOK	Tokovinin, A.A. et al.	1	8TOL	Tolbert, C.R.	999999	-1TOM	Tomkin, J. & Popper, D.M.	999999	-1TOR	Armanelli, Degrosso, & Pannunzio	1	3TP	Tapia, N.	1	2TRA	Trajkovska, V., Popovic, & Pavlovic	1	1TRN	Turner, N. et al.	1	5TRO	Trousset, J.	999999	-1TRR	Torres, G.	1	15TRU	Trumpler, R.	1	1TSH	Tscherny, S.D.	999999	-1TTB	ten Brummelaar, T.A. et al.	999999	-1TUC	Tucker, R.H.	1	2TUR	Turner, H.	999999	-1TWA	TW Hydra Association	999999	-1TYC	Tycho	999999	-1UPD	Updegraff, M.	999999	-1UPR	Muller, R.J. et al.	999999	-1UPT	Upton, W.	1	2URB	Urban, K.	999999	-1USA	Clark, R. Kent	999999	-1USN	Watts, C.B.	999999	-1VAB	van Albada, G.B.	999999	-1VAD	van Albada-van Dien, E.	999999	-1VAL	Valbousquet, A.	999999	-1VAN	van Arnam, R.N.	999999	-1VAR	Varchon, L.	999999	-1VAS	Vasundhara, R. et al.	999999	-1VAT	Vatican Obs.	1	5VBS	Van Biesbroeck, G.	1	40VDK	Vanderdonck, J.	1	3VDL	van Dessel, E.	999999	-1VDS	van der Spuy, K.	999999	-1VDW	van der Wiele, R.	999999	-1VER	Verhas, P.	999999	-1VHK	van Herk , G.	999999	-1VID	Vidal, E.	999999	-1VIL	Villiger, W.	999999	-1VKI	Vilkki, E.	1	48VLA	Vlaicu, S.	999999	-1VLK	Volk, K. et al.	1	1VLL	Villarceau, Y.	999999	-1VLT	Volet, Ch.	999999	-1VOG	Vogel, H.	999999	-1VOL	Volkel, M.	999999	-1VOR	Voronov, N.	999999	-1VOT	Votue	999999	-1VOU	Voute, J.G.	6	9001VTR	Vetterlein, J.C.	999999	-1VVO	Upgren, A.R. & Mesrobian, W.S.	1	1VVS	de Vos van Steenwijk, J.E.	999999	-1VYS	Vyssotsky, A.N.	1	11WAD	Wade, G.A. et al.	999999	-1WAG	Wagner, M.S.	999999	-1WAH	Wang, H. et al.	1	1WAK	Walker, R.L.	1	23WAL	Wallenquist, A.	1	149WAM	Wamer, W.P.	1	4WAN	Yiming, W. et al.	999999	-1WAR	Harper, C.T., Warren, O., Austin, R.	1	2WAT	Waterworth, R.	999999	-1WBB	Webb, R.A. et al.	1	2WCK	Wickes, W.C. & Dicke, R.H.	1	2WEB	Webb, T.W.	1	12WEI	Weisse, M.	1	46WEL	Wellmann, V.C.P.	999999	-1WEN	Wendell, O.C.	999999	-1WES	Wesselink, A.J.	999999	-1WEY	Weymouth, C.	1	1WFC	Schlesinger, F. & Barney, I.	1	263WFD	Ellery, R.L.J. & White, E.J.	999999	-1WG	Wrigley, R.W.	2	289WGT	Weigelt, G.P.	1	4WH	Wichmann, M.	999999	-1WHC	Wilson, H.C.	1	31WHE	Wood, H.E.	2	3WHI	White, G.L. et al.	1	7WHT	White, R.J. & Ghez, A.M.	1	2WIC	Wickham, W.	999999	-1WIE	Wieth-Knudsen, N.	1	1WIL	Wilson, J.C. et al.	1	3WIJ	Wijkander	999999	-1WIN	Winlock, J.	999999	-1WIR	Wirtanen, C.A.	1	1WIT	White, N.M.	999999	-1WJD	West, J.D.	1	2WJM	Wilson, J.M.	999999	-1WLD	Waldo, L.	999999	-1WLF	Wolf	1	2WLK	Walker, M.F.	1	2WLN	Wielen, R.	999999	-1WLS	Wilsing, J.	999999	-1WNC	Winnecke, A.	1	6WNG	Winagradsky	999999	-1WNO	Watson, J.C.	1	49WNT	Weintraub, Shelton, & Zuckerman	1	1WOH	Wood, H.	1	1WOI	Woitas, J. et al.	1	1WOO	Woods, H.I.	999999	-1WOR	Worley, C.E.	1	40WOY	Woolley, R.	999999	-1WRE	Wilson, R.E.	999999	-1WRG	Wrigley, R.W.	999999	-1WRH	Wilson, R.H.	2	39WRI	Wright, K.O. & Pugh, R.E.	999999	-1WRT	Wright, D.C.	999999	-1WRU	Wrublewsky	999999	-1WRZ	Wierzbinski, S.	999999	-1WS	Wilson, J.M., Seabroke, G.M., et al.	999999	-1WSI	Douglass, G.G. et al.	1	35WSL	Worssell, W.M.	999999	-1WST	West, F.R.	999999	-1WTL	Witchell, W.M.	999999	-1WYE	Wyller, A.A.	999999	-1WYL	Wylie, L.R.	1	1WYN	Wynn-Williams, C.G. et al.	1	1WZ	Wirtz, C.	1	15Y	Yale Catalog	999999	-1YAN	Yan Lin-shan	999999	-1YLW	Young, E., Lada, C., & Wilking, B.	1	17YNG	Young, C.A.	1	1YON	Young, J.M.	999999	-1YOU	Young, S.P.	999999	-1YR	Yale-Rochester (see HOR)	1	32YRK	Young, R.K.	999999	-1YSJ	Yale-San Juan (see HOR)	1	1ZAE	Zaera, J.A.	999999	-1ZAG	Zagar, F.	999999	-1ZEL	Zeller, G.	999999	-1ZIM	Zimmermann , L.	999999	-1ZIN	Zinner, E.	999999	-1ZIR	Zirm, H.	999999	-1ZIV	Zivkov, V. & Pavlovic, R.	999999	-1ZNN	Zinnecker, H. et al.	1	1ZUC	Zuckerman, B. & Becklin, E.E.	1	4ZUL	Zulevic, D.J.	1	2ZWI	Zwiers, H.F.	999999	-1